text,label
"Hi Mum, this is my new number. My old phone got stolen. Please save it and send ₦45,000 urgently, I will explain later.",1
"Hello Dad, I changed my number. Don't call me yet, my phone is spoilt. I need ₦80,000 for a bill today, please transfer to this account.",1
"Good evening aunty, it's Tunde. New line o. Please I need ₦30k urgent, will pay you back tonight. Don't tell Mummy.",1
"Mum I lost my phone and this is my new WhatsApp number. Can you send airtime and ₦20,000 to the account I'll send now? Its urgent",1
"Dear customer, your GTBank account has been blocked. Click http://gtbank-verify.xyz/login to update your BVN now or lose access.",1
"CBN NOTICE: Your BVN is not linked to your account. Your account will be suspended within 24 hours. Verify here bit.ly/cbn-bvn-update",1
"Your NIN has been flagged. Reply with your NIN and BVN to avoid account restriction. - Central Bank of Nigeria",1
"Dear valued customer, your Access Bank account has been restricted. Confirm your details and send the OTP you will receive to keep your account active.",1
"Hello, I mistakenly sent a verification code to your number. Please send it back to me quickly, it's very important.",1
"Your Opay wallet is on hold. Send the 6-digit code we just sent to you to reactivate now.",1
"Please forward the OTP you received from WhatsApp, I am locked out and need to verify my number.",1
"Congratulations! You have been shortlisted for a Shell Nigeria job. No experience needed. Pay ₦15,000 registration fee to secure your slot. Hurry, limited vacancies.",1
"We are hiring data entry staff. Earn ₦150,000 weekly from home. Pay a ₦5,000 processing fee to get your login and start today. Message us on WhatsApp to begin.",1
"Federal Government recruitment 2026: pay ₦10,000 for form and medical fee to confirm your appointment. Don't tell anyone, slots are secret.",1
"Your interview is confirmed. Kindly pay ₦7,500 training fee into the account below before Friday to get your appointment letter.",1
"Kindly note our bank details have changed. Please make payment of invoice 2031 to our new account before end of day. Do not call the old line, our office is being renovated.",1
"Dear partner, attached is the updated invoice. We have changed our account number, kindly remit ₦1,250,000 urgently to avoid supply delay.",1
"Hello Sir, this is the MD. I'm in a meeting and can't talk. Buy ₦200,000 gift cards urgently and keep this between us. I'll refund you today.",1
"CONGRATULATIONS! You have won ₦5,000,000 in the MTN Lucky Draw. Claim your prize now by paying ₦20,000 delivery fee.",1
"Invest ₦50,000 today and receive ₦200,000 in 7 days. 100% guaranteed returns. Limited slots, join our crypto forex group now!",1
"Double your money in 48 hours with our trading platform. Send ₦100,000 now and get ₦400,000. No risk. Dont tell anyone",1
"FG palliative: click this link to register and receive ₦75,000 grant. Enter your BVN and ATM PIN to claim. Offer expires tonight.",1
"Your WhatsApp account will be deactivated today. Click the link below to verify your account and log in immediately: wa-verify-secure.top",1
"Your MTN data bundle reward of 50GB is waiting. Tap here to claim before it expires: http://mtn-free-data.click/claim",1
"Brother it's me Emeka. My number don change o, this is my new number. I dey stranded, abeg send ₦25k now, I go refund tomorrow.",1
"Hello sis, I'm in the hospital and my phone is damaged, using a friend's phone. Please send ₦60,000 urgently to this account. Don't tell Mummy yet.",1
"Your ATM card has been blocked. To unblock, send your card number, PIN and the OTP sent to you to this agent immediately.",1
"Dear customer, your PalmPay account has been suspended due to KYC. Update your BVN and NIN at http://palmpay-kyc.xyz within 24 hours.",1
"Scholarship alert! You have been selected for a ₦500,000 NNPC scholarship. Pay ₦10,000 registration fee to confirm your slot. Act now.",1
"URGENT: Your electricity token purchase failed. Click here to login and confirm your card details to get your refund: bit.ly/nepa-refund",1
"Hi dear, I'm your long lost relative abroad and I want to send you a parcel. Pay ₦35,000 clearance fee to the courier today. Keep it secret.",1
"Uncle good afternoon, my phone has been stolen, this is my new number. Please send ₦150,000 urgently for school fees, I'll explain later.",1
"Hi Mum, I've just arrived at school safely. I'll call you after lectures.",0
"Hey, are we still meeting at 4pm for the group project? Library second floor.",0
"Good morning sir, please find attached my assignment for CSC 302. Regards, Amina.",0
"Reminder: the church youth meeting holds this Saturday at 10am. Come with a friend.",0
"Your GTBank OTP is 482910. Do not share this code with anyone, including bank staff. It expires in 5 minutes.",0
"Hi, your order from Jumia has been shipped and will arrive by Thursday. Track it in the Jumia app.",0
"Thanks for coming to the meeting today. Kindly share the minutes when ready.",0
"Happy birthday Tola! Wishing you a blessed year ahead. Let's celebrate this weekend.",0
"Your account statement for September is ready. Log in to the official GTBank app to view it.",0
"Please remember to bring your ID card and two passport photos for registration on Monday.",0
"Mama says dinner is ready, come home before 7pm. We're having jollof rice.",0
"NEPA took light again o. Charge your phone and power bank before night.",0
"Hi, this is Sade from the admissions office. Your clearance exam holds on Tuesday at 9am in Hall B. Bring your student ID.",0
"Hello, our payment for invoice 1045 was made on 12 September through the usual account. Please confirm receipt.",0
"Can you send me the lecture notes for MTH 201? I missed yesterday's class.",0
"Your MTN data subscription of 2GB has been activated. Dial *131# to check your balance.",0
"Congrats on your graduation! So proud of you. Dinner is on me when you visit.",0
"Meeting moved to 2pm tomorrow in the conference room. Please confirm if you can attend.",0
"Reminder: tuition payment deadline is 30 October. Pay only through the school's official portal or bank counter.",0
"We are hiring a sales assistant at our Kaduna shop. Bring your CV to the shop on Wednesday. No fees are charged for interviews.",0
"Hi bro, I'll be late, traffic on the Abuja expressway is terrible. Start without me.",0
"Thank you for shopping with us. Your receipt for ₦12,500 is attached. Contact our store for any questions.",0
"Please find the updated project timeline attached. Let me know if you have questions before Friday.",0
"Good evening, the landlord says the rent is due next month. We can discuss the details when you visit, no rush.",0
"Hey, did you watch the match last night? Super Eagles played well.",0
"Weekly reminder: Sunday service starts at 8am. Bring your Bible and invite someone.",0
"Hi Dad, my exam ends Friday. I'll travel home on Saturday morning by bus.",0
"Your Dstv subscription will renew on 5 October. Manage your plan in the MyDStv app.",0
"Mum, I've reached Jos. Network was bad on the road. I'm okay, will call tonight.",0
"Dear students, the library will close at 6pm on Friday. Return borrowed books before then.",0
"Hi, are you free to join our study group on Saturday? We are reviewing past questions together.",0
"Can you help me share the hostel form with the class rep? The official one is on the school website.",0
